-- phpMyAdmin SQL Dump
-- version 4.0.10deb1
-- http://www.phpmyadmin.net
--
-- Host: localhost
-- Generation Time: Jul 19, 2016 at 12:10 PM
-- Server version: 5.6.30-0ubuntu0.14.04.1
-- PHP Version: 5.6.23-1+deprecated+dontuse+deb.sury.org~trusty+1

SET SQL_MODE = "NO_AUTO_VALUE_ON_ZERO";
SET time_zone = "+00:00";


/*!40101 SET @OLD_CHARACTER_SET_CLIENT=@@CHARACTER_SET_CLIENT */;
/*!40101 SET @OLD_CHARACTER_SET_RESULTS=@@CHARACTER_SET_RESULTS */;
/*!40101 SET @OLD_COLLATION_CONNECTION=@@COLLATION_CONNECTION */;
/*!40101 SET NAMES utf8 */;

--
-- Database: `ezeepix`
--

-- --------------------------------------------------------

--
-- Table structure for table `activation_token`
--

CREATE TABLE IF NOT EXISTS `activation_token` (
  `id` int(11) NOT NULL AUTO_INCREMENT,
  `u_id` int(11) NOT NULL,
  `token` varchar(100) NOT NULL,
  `service_provider_id` int(11) NOT NULL,
  `create_date` timestamp NOT NULL DEFAULT CURRENT_TIMESTAMP ON UPDATE CURRENT_TIMESTAMP,
  PRIMARY KEY (`id`),
  KEY `activation_tokken_service_provider` (`service_provider_id`),
  KEY `activation_tokken_user` (`u_id`)
) ENGINE=InnoDB  DEFAULT CHARSET=latin1 AUTO_INCREMENT=63 ;

--
-- Dumping data for table `activation_token`
--

INSERT INTO `activation_token` (`id`, `u_id`, `token`, `service_provider_id`, `create_date`) VALUES
(1, 1, 'vf04L4', 2, '2015-07-30 06:44:31'),
(2, 1, 'HEv02J', 2, '2015-07-30 06:44:39'),
(3, 1, 'nUXT5X', 2, '2015-07-30 06:52:59'),
(4, 1, 'XLf4qE', 2, '2015-07-30 11:18:59'),
(5, 1, 'u5YP0K', 2, '2015-07-30 11:19:01'),
(6, 1, 'oe2Isq', 2, '2015-07-30 11:35:12'),
(7, 1, 'OOlX6L', 2, '2015-07-30 11:44:52'),
(8, 1, 'IZHkJd', 2, '2015-07-30 11:48:21'),
(9, 1, 'nJaNuV', 2, '2015-07-30 11:50:10'),
(10, 1, 'Fw9r11', 2, '2015-07-30 11:55:11'),
(11, 1, '3MQ6te', 2, '2015-07-30 12:05:08'),
(12, 1, 'k3s235', 2, '2015-07-30 12:09:32'),
(13, 1, '8tQmsU', 2, '2015-07-30 12:10:50'),
(14, 1, '8F9DGW', 1, '2015-07-30 13:05:59'),
(15, 1, 'Pz9ZyJ', 1, '2015-07-30 13:22:48'),
(16, 1, 'mSryEc', 1, '2015-07-30 13:23:02'),
(17, 1, '3vfogL', 1, '2015-07-31 05:46:21'),
(18, 1, 'KwWncH', 1, '2015-07-31 06:08:16'),
(19, 1, 'Hl45Ni', 1, '2015-07-31 06:08:43'),
(20, 1, 'IUD80s', 1, '2015-07-31 06:09:30'),
(21, 1, '1mzNox', 1, '2015-07-31 07:03:19'),
(22, 1, '58dJDF', 1, '2015-07-31 07:03:37'),
(23, 1, '0zuyJk', 1, '2015-07-31 07:03:54'),
(24, 1, 'H4y1K2', 1, '2015-07-31 09:19:54'),
(25, 1, 'me7D8D', 2, '2015-07-31 11:15:24'),
(26, 1, '81KJE1', 2, '2015-07-31 11:15:32'),
(27, 1, 'RE2VaI', 2, '2015-07-31 11:15:55'),
(28, 1, 'AHmIlF', 1, '2015-07-31 11:16:49'),
(29, 1, 'j0RL5E', 1, '2015-07-31 11:17:38'),
(30, 1, 'M3AYPr', 1, '2015-07-31 11:18:05'),
(31, 1, 'BTu22a', 1, '2015-07-31 11:18:12'),
(32, 1, 'dTCLId', 2, '2015-07-31 11:23:02'),
(33, 1, 'dB9HGv', 2, '2015-07-31 11:26:14'),
(34, 1, 'aL6pMY', 2, '2015-08-05 10:29:57'),
(35, 1, '1S0X9j', 2, '2015-08-05 10:31:40'),
(36, 1, '0nYUG6', 2, '2015-08-05 10:34:02'),
(37, 1, 'HjRuPI', 2, '2015-08-05 10:34:21'),
(38, 1, 'BnmwqB', 2, '2015-09-18 10:14:23'),
(39, 1, 'LM0O5n', 2, '2015-09-18 10:14:48'),
(40, 1, '6GQp6O', 2, '2015-11-17 08:37:54'),
(41, 1, 'YykGJ4', 2, '2015-11-17 10:49:20'),
(42, 1, 'D54dTe', 2, '2015-11-17 10:57:33'),
(43, 1, '3QK23e', 2, '2015-12-14 05:36:31'),
(44, 1, 'Pvf1gD', 2, '2015-12-14 10:49:17'),
(45, 1, 'noXjSH', 2, '2016-01-18 08:51:36'),
(46, 1, 'f2wgGr', 2, '2016-01-18 08:51:43'),
(47, 1, 'hwHYHE', 2, '2016-01-18 09:13:00'),
(48, 1, 'FJjcJR', 2, '2016-01-18 09:13:07'),
(49, 1, 'MUkhnr', 2, '2016-01-18 09:15:04'),
(50, 1, 'bYjBf8', 2, '2016-01-18 09:15:22'),
(51, 1, 'tnrGmj', 2, '2016-01-18 09:15:38'),
(52, 1, 'gK4k9g', 2, '2016-01-18 09:15:47'),
(53, 1, 'M8Tas8', 2, '2016-01-18 09:18:56'),
(54, 1, 'uUqgI4', 2, '2016-01-18 09:20:46'),
(55, 1, '5xt03L', 2, '2016-01-18 09:28:13'),
(56, 1, '8S3aVc', 2, '2016-01-18 09:28:30'),
(57, 1, 'ykt5Zo', 2, '2016-01-18 09:33:30'),
(58, 1, 'ykRAU3', 2, '2016-01-18 09:33:39'),
(59, 1, 'POsZ8G', 2, '2016-01-18 09:37:09'),
(60, 1, 'RbhYVG', 2, '2016-01-18 09:38:21'),
(61, 1, 'Lc07Mc', 2, '2016-01-18 09:38:46'),
(62, 1, '2GnXi0', 2, '2016-03-15 09:04:36');

-- --------------------------------------------------------

--
-- Table structure for table `admin_users`
--

CREATE TABLE IF NOT EXISTS `admin_users` (
  `id` int(10) unsigned NOT NULL AUTO_INCREMENT,
  `name` varchar(255) COLLATE utf8_unicode_ci NOT NULL,
  `email` varchar(255) COLLATE utf8_unicode_ci NOT NULL,
  `password` varchar(60) COLLATE utf8_unicode_ci NOT NULL,
  `remember_token` varchar(100) COLLATE utf8_unicode_ci DEFAULT NULL,
  `created_at` timestamp NOT NULL DEFAULT '0000-00-00 00:00:00',
  `updated_at` timestamp NOT NULL DEFAULT '0000-00-00 00:00:00',
  PRIMARY KEY (`id`),
  UNIQUE KEY `admin_users_email_unique` (`email`)
) ENGINE=InnoDB  DEFAULT CHARSET=utf8 COLLATE=utf8_unicode_ci AUTO_INCREMENT=7 ;

--
-- Dumping data for table `admin_users`
--

INSERT INTO `admin_users` (`id`, `name`, `email`, `password`, `remember_token`, `created_at`, `updated_at`) VALUES
(5, 'Admin', 'admin@admin.com', '123456', '9Vsocsndzvj1fEvlJDLTTusM8vv2Qn5GKdQmaeCgOO7ksPZeMmr6C369fNES', '0000-00-00 00:00:00', '2015-12-07 23:21:01'),
(6, 'ASD', 'asd@asd.com', 'asdasdasd', NULL, '0000-00-00 00:00:00', '0000-00-00 00:00:00');

-- --------------------------------------------------------

--
-- Table structure for table `confirm_email`
--

CREATE TABLE IF NOT EXISTS `confirm_email` (
  `id` int(11) NOT NULL AUTO_INCREMENT,
  `email` varchar(30) NOT NULL,
  `token` varchar(255) NOT NULL,
  `expired` timestamp NOT NULL DEFAULT CURRENT_TIMESTAMP ON UPDATE CURRENT_TIMESTAMP,
  PRIMARY KEY (`id`)
) ENGINE=InnoDB DEFAULT CHARSET=latin1 AUTO_INCREMENT=1 ;

-- --------------------------------------------------------

--
-- Table structure for table `country`
--

CREATE TABLE IF NOT EXISTS `country` (
  `id` int(11) NOT NULL AUTO_INCREMENT,
  `iso` char(2) NOT NULL,
  `name` varchar(80) NOT NULL,
  `nicename` varchar(80) NOT NULL,
  `iso3` char(3) DEFAULT NULL,
  `numcode` int(6) DEFAULT NULL,
  `phonecode` int(5) NOT NULL,
  `status` int(11) NOT NULL DEFAULT '1',
  PRIMARY KEY (`id`)
) ENGINE=MyISAM  DEFAULT CHARSET=latin1 AUTO_INCREMENT=240 ;

--
-- Dumping data for table `country`
--

INSERT INTO `country` (`id`, `iso`, `name`, `nicename`, `iso3`, `numcode`, `phonecode`, `status`) VALUES
(1, 'AF', 'AFGHANISTAN', 'Afghanistan', 'AFG', 4, 93, 1),
(2, 'AL', 'ALBANIA', 'Albania', 'ALB', 8, 355, 1),
(3, 'DZ', 'ALGERIA', 'Algeria', 'DZA', 12, 213, 1),
(4, 'AS', 'AMERICAN SAMOA', 'American Samoa', 'ASM', 16, 1684, 1),
(5, 'AD', 'ANDORRA', 'Andorra', 'AND', 20, 376, 1),
(6, 'AO', 'ANGOLA', 'Angola', 'AGO', 24, 244, 1),
(7, 'AI', 'ANGUILLA', 'Anguilla', 'AIA', 660, 1264, 1),
(8, 'AQ', 'ANTARCTICA', 'Antarctica', NULL, NULL, 0, 1),
(9, 'AG', 'ANTIGUA AND BARBUDA', 'Antigua and Barbuda', 'ATG', 28, 1268, 1),
(10, 'AR', 'ARGENTINA', 'Argentina', 'ARG', 32, 54, 1),
(11, 'AM', 'ARMENIA', 'Armenia', 'ARM', 51, 374, 1),
(12, 'AW', 'ARUBA', 'Aruba', 'ABW', 533, 297, 1),
(13, 'AU', 'AUSTRALIA', 'Australia', 'AUS', 36, 61, 1),
(14, 'AT', 'AUSTRIA', 'Austria', 'AUT', 40, 43, 1),
(15, 'AZ', 'AZERBAIJAN', 'Azerbaijan', 'AZE', 31, 994, 1),
(16, 'BS', 'BAHAMAS', 'Bahamas', 'BHS', 44, 1242, 1),
(17, 'BH', 'BAHRAIN', 'Bahrain', 'BHR', 48, 973, 1),
(18, 'BD', 'BANGLADESH', 'Bangladesh', 'BGD', 50, 880, 1),
(19, 'BB', 'BARBADOS', 'Barbados', 'BRB', 52, 1246, 1),
(20, 'BY', 'BELARUS', 'Belarus', 'BLR', 112, 375, 1),
(21, 'BE', 'BELGIUM', 'Belgium', 'BEL', 56, 32, 1),
(22, 'BZ', 'BELIZE', 'Belize', 'BLZ', 84, 501, 1),
(23, 'BJ', 'BENIN', 'Benin', 'BEN', 204, 229, 1),
(24, 'BM', 'BERMUDA', 'Bermuda', 'BMU', 60, 1441, 1),
(25, 'BT', 'BHUTAN', 'Bhutan', 'BTN', 64, 975, 1),
(26, 'BO', 'BOLIVIA', 'Bolivia', 'BOL', 68, 591, 1),
(27, 'BA', 'BOSNIA AND HERZEGOVINA', 'Bosnia and Herzegovina', 'BIH', 70, 387, 1),
(28, 'BW', 'BOTSWANA', 'Botswana', 'BWA', 72, 267, 1),
(29, 'BV', 'BOUVET ISLAND', 'Bouvet Island', NULL, NULL, 0, 1),
(30, 'BR', 'BRAZIL', 'Brazil', 'BRA', 76, 55, 1),
(31, 'IO', 'BRITISH INDIAN OCEAN TERRITORY', 'British Indian Ocean Territory', NULL, NULL, 246, 1),
(32, 'BN', 'BRUNEI DARUSSALAM', 'Brunei Darussalam', 'BRN', 96, 673, 1),
(33, 'BG', 'BULGARIA', 'Bulgaria', 'BGR', 100, 359, 1),
(34, 'BF', 'BURKINA FASO', 'Burkina Faso', 'BFA', 854, 226, 1),
(35, 'BI', 'BURUNDI', 'Burundi', 'BDI', 108, 257, 1),
(36, 'KH', 'CAMBODIA', 'Cambodia', 'KHM', 116, 855, 1),
(37, 'CM', 'CAMEROON', 'Cameroon', 'CMR', 120, 237, 1),
(38, 'CA', 'CANADA', 'Canada', 'CAN', 124, 1, 1),
(39, 'CV', 'CAPE VERDE', 'Cape Verde', 'CPV', 132, 238, 1),
(40, 'KY', 'CAYMAN ISLANDS', 'Cayman Islands', 'CYM', 136, 1345, 1),
(41, 'CF', 'CENTRAL AFRICAN REPUBLIC', 'Central African Republic', 'CAF', 140, 236, 1),
(42, 'TD', 'CHAD', 'Chad', 'TCD', 148, 235, 1),
(43, 'CL', 'CHILE', 'Chile', 'CHL', 152, 56, 1),
(44, 'CN', 'CHINA', 'China', 'CHN', 156, 86, 1),
(45, 'CX', 'CHRISTMAS ISLAND', 'Christmas Island', NULL, NULL, 61, 1),
(46, 'CC', 'COCOS (KEELING) ISLANDS', 'Cocos (Keeling) Islands', NULL, NULL, 672, 1),
(47, 'CO', 'COLOMBIA', 'Colombia', 'COL', 170, 57, 1),
(48, 'KM', 'COMOROS', 'Comoros', 'COM', 174, 269, 1),
(49, 'CG', 'CONGO', 'Congo', 'COG', 178, 242, 1),
(50, 'CD', 'CONGO, THE DEMOCRATIC REPUBLIC OF THE', 'Congo, the Democratic Republic of the', 'COD', 180, 242, 1),
(51, 'CK', 'COOK ISLANDS', 'Cook Islands', 'COK', 184, 682, 1),
(52, 'CR', 'COSTA RICA', 'Costa Rica', 'CRI', 188, 506, 1),
(53, 'CI', 'COTE D''IVOIRE', 'Cote D''Ivoire', 'CIV', 384, 225, 1),
(54, 'HR', 'CROATIA', 'Croatia', 'HRV', 191, 385, 1),
(55, 'CU', 'CUBA', 'Cuba', 'CUB', 192, 53, 1),
(56, 'CY', 'CYPRUS', 'Cyprus', 'CYP', 196, 357, 1),
(57, 'CZ', 'CZECH REPUBLIC', 'Czech Republic', 'CZE', 203, 420, 1),
(58, 'DK', 'DENMARK', 'Denmark', 'DNK', 208, 45, 1),
(59, 'DJ', 'DJIBOUTI', 'Djibouti', 'DJI', 262, 253, 1),
(60, 'DM', 'DOMINICA', 'Dominica', 'DMA', 212, 1767, 1),
(61, 'DO', 'DOMINICAN REPUBLIC', 'Dominican Republic', 'DOM', 214, 1809, 1),
(62, 'EC', 'ECUADOR', 'Ecuador', 'ECU', 218, 593, 1),
(63, 'EG', 'EGYPT', 'Egypt', 'EGY', 818, 20, 1),
(64, 'SV', 'EL SALVADOR', 'El Salvador', 'SLV', 222, 503, 1),
(65, 'GQ', 'EQUATORIAL GUINEA', 'Equatorial Guinea', 'GNQ', 226, 240, 1),
(66, 'ER', 'ERITREA', 'Eritrea', 'ERI', 232, 291, 1),
(67, 'EE', 'ESTONIA', 'Estonia', 'EST', 233, 372, 1),
(68, 'ET', 'ETHIOPIA', 'Ethiopia', 'ETH', 231, 251, 1),
(69, 'FK', 'FALKLAND ISLANDS (MALVINAS)', 'Falkland Islands (Malvinas)', 'FLK', 238, 500, 1),
(70, 'FO', 'FAROE ISLANDS', 'Faroe Islands', 'FRO', 234, 298, 1),
(71, 'FJ', 'FIJI', 'Fiji', 'FJI', 242, 679, 1),
(72, 'FI', 'FINLAND', 'Finland', 'FIN', 246, 358, 1),
(73, 'FR', 'FRANCE', 'France', 'FRA', 250, 33, 1),
(74, 'GF', 'FRENCH GUIANA', 'French Guiana', 'GUF', 254, 594, 1),
(75, 'PF', 'FRENCH POLYNESIA', 'French Polynesia', 'PYF', 258, 689, 1),
(76, 'TF', 'FRENCH SOUTHERN TERRITORIES', 'French Southern Territories', NULL, NULL, 0, 1),
(77, 'GA', 'GABON', 'Gabon', 'GAB', 266, 241, 1),
(78, 'GM', 'GAMBIA', 'Gambia', 'GMB', 270, 220, 1),
(79, 'GE', 'GEORGIA', 'Georgia', 'GEO', 268, 995, 1),
(80, 'DE', 'GERMANY', 'Germany', 'DEU', 276, 49, 1),
(81, 'GH', 'GHANA', 'Ghana', 'GHA', 288, 233, 1),
(82, 'GI', 'GIBRALTAR', 'Gibraltar', 'GIB', 292, 350, 1),
(83, 'GR', 'GREECE', 'Greece', 'GRC', 300, 30, 1),
(84, 'GL', 'GREENLAND', 'Greenland', 'GRL', 304, 299, 1),
(85, 'GD', 'GRENADA', 'Grenada', 'GRD', 308, 1473, 1),
(86, 'GP', 'GUADELOUPE', 'Guadeloupe', 'GLP', 312, 590, 1),
(87, 'GU', 'GUAM', 'Guam', 'GUM', 316, 1671, 1),
(88, 'GT', 'GUATEMALA', 'Guatemala', 'GTM', 320, 502, 1),
(89, 'GN', 'GUINEA', 'Guinea', 'GIN', 324, 224, 1),
(90, 'GW', 'GUINEA-BISSAU', 'Guinea-Bissau', 'GNB', 624, 245, 1),
(91, 'GY', 'GUYANA', 'Guyana', 'GUY', 328, 592, 1),
(92, 'HT', 'HAITI', 'Haiti', 'HTI', 332, 509, 1),
(93, 'HM', 'HEARD ISLAND AND MCDONALD ISLANDS', 'Heard Island and Mcdonald Islands', NULL, NULL, 0, 1),
(94, 'VA', 'HOLY SEE (VATICAN CITY STATE)', 'Holy See (Vatican City State)', 'VAT', 336, 39, 1),
(95, 'HN', 'HONDURAS', 'Honduras', 'HND', 340, 504, 1),
(96, 'HK', 'HONG KONG', 'Hong Kong', 'HKG', 344, 852, 1),
(97, 'HU', 'HUNGARY', 'Hungary', 'HUN', 348, 36, 1),
(98, 'IS', 'ICELAND', 'Iceland', 'ISL', 352, 354, 1),
(99, 'IN', 'INDIA', 'India', 'IND', 356, 91, 1),
(100, 'ID', 'INDONESIA', 'Indonesia', 'IDN', 360, 62, 1),
(101, 'IR', 'IRAN, ISLAMIC REPUBLIC OF', 'Iran, Islamic Republic of', 'IRN', 364, 98, 1),
(102, 'IQ', 'IRAQ', 'Iraq', 'IRQ', 368, 964, 1),
(103, 'IE', 'IRELAND', 'Ireland', 'IRL', 372, 353, 1),
(104, 'IL', 'ISRAEL', 'Israel', 'ISR', 376, 972, 1),
(105, 'IT', 'ITALY', 'Italy', 'ITA', 380, 39, 1),
(106, 'JM', 'JAMAICA', 'Jamaica', 'JAM', 388, 1876, 1),
(107, 'JP', 'JAPAN', 'Japan', 'JPN', 392, 81, 1),
(108, 'JO', 'JORDAN', 'Jordan', 'JOR', 400, 962, 1),
(109, 'KZ', 'KAZAKHSTAN', 'Kazakhstan', 'KAZ', 398, 7, 1),
(110, 'KE', 'KENYA', 'Kenya', 'KEN', 404, 254, 1),
(111, 'KI', 'KIRIBATI', 'Kiribati', 'KIR', 296, 686, 1),
(112, 'KP', 'KOREA, DEMOCRATIC PEOPLE''S REPUBLIC OF', 'Korea, Democratic People''s Republic of', 'PRK', 408, 850, 1),
(113, 'KR', 'KOREA, REPUBLIC OF', 'Korea, Republic of', 'KOR', 410, 82, 1),
(114, 'KW', 'KUWAIT', 'Kuwait', 'KWT', 414, 965, 1),
(115, 'KG', 'KYRGYZSTAN', 'Kyrgyzstan', 'KGZ', 417, 996, 1),
(116, 'LA', 'LAO PEOPLE''S DEMOCRATIC REPUBLIC', 'Lao People''s Democratic Republic', 'LAO', 418, 856, 1),
(117, 'LV', 'LATVIA', 'Latvia', 'LVA', 428, 371, 1),
(118, 'LB', 'LEBANON', 'Lebanon', 'LBN', 422, 961, 1),
(119, 'LS', 'LESOTHO', 'Lesotho', 'LSO', 426, 266, 1),
(120, 'LR', 'LIBERIA', 'Liberia', 'LBR', 430, 231, 1),
(121, 'LY', 'LIBYAN ARAB JAMAHIRIYA', 'Libyan Arab Jamahiriya', 'LBY', 434, 218, 1),
(122, 'LI', 'LIECHTENSTEIN', 'Liechtenstein', 'LIE', 438, 423, 1),
(123, 'LT', 'LITHUANIA', 'Lithuania', 'LTU', 440, 370, 1),
(124, 'LU', 'LUXEMBOURG', 'Luxembourg', 'LUX', 442, 352, 1),
(125, 'MO', 'MACAO', 'Macao', 'MAC', 446, 853, 1),
(126, 'MK', 'MACEDONIA, THE FORMER YUGOSLAV REPUBLIC OF', 'Macedonia, the Former Yugoslav Republic of', 'MKD', 807, 389, 1),
(127, 'MG', 'MADAGASCAR', 'Madagascar', 'MDG', 450, 261, 1),
(128, 'MW', 'MALAWI', 'Malawi', 'MWI', 454, 265, 1),
(129, 'MY', 'MALAYSIA', 'Malaysia', 'MYS', 458, 60, 1),
(130, 'MV', 'MALDIVES', 'Maldives', 'MDV', 462, 960, 1),
(131, 'ML', 'MALI', 'Mali', 'MLI', 466, 223, 1),
(132, 'MT', 'MALTA', 'Malta', 'MLT', 470, 356, 1),
(133, 'MH', 'MARSHALL ISLANDS', 'Marshall Islands', 'MHL', 584, 692, 1),
(134, 'MQ', 'MARTINIQUE', 'Martinique', 'MTQ', 474, 596, 1),
(135, 'MR', 'MAURITANIA', 'Mauritania', 'MRT', 478, 222, 1),
(136, 'MU', 'MAURITIUS', 'Mauritius', 'MUS', 480, 230, 1),
(137, 'YT', 'MAYOTTE', 'Mayotte', NULL, NULL, 269, 1),
(138, 'MX', 'MEXICO', 'Mexico', 'MEX', 484, 52, 1),
(139, 'FM', 'MICRONESIA, FEDERATED STATES OF', 'Micronesia, Federated States of', 'FSM', 583, 691, 1),
(140, 'MD', 'MOLDOVA, REPUBLIC OF', 'Moldova, Republic of', 'MDA', 498, 373, 1),
(141, 'MC', 'MONACO', 'Monaco', 'MCO', 492, 377, 1),
(142, 'MN', 'MONGOLIA', 'Mongolia', 'MNG', 496, 976, 1),
(143, 'MS', 'MONTSERRAT', 'Montserrat', 'MSR', 500, 1664, 1),
(144, 'MA', 'MOROCCO', 'Morocco', 'MAR', 504, 212, 1),
(145, 'MZ', 'MOZAMBIQUE', 'Mozambique', 'MOZ', 508, 258, 1),
(146, 'MM', 'MYANMAR', 'Myanmar', 'MMR', 104, 95, 1),
(147, 'NA', 'NAMIBIA', 'Namibia', 'NAM', 516, 264, 1),
(148, 'NR', 'NAURU', 'Nauru', 'NRU', 520, 674, 1),
(149, 'NP', 'NEPAL', 'Nepal', 'NPL', 524, 977, 1),
(150, 'NL', 'NETHERLANDS', 'Netherlands', 'NLD', 528, 31, 1),
(151, 'AN', 'NETHERLANDS ANTILLES', 'Netherlands Antilles', 'ANT', 530, 599, 1),
(152, 'NC', 'NEW CALEDONIA', 'New Caledonia', 'NCL', 540, 687, 1),
(153, 'NZ', 'NEW ZEALAND', 'New Zealand', 'NZL', 554, 64, 1),
(154, 'NI', 'NICARAGUA', 'Nicaragua', 'NIC', 558, 505, 1),
(155, 'NE', 'NIGER', 'Niger', 'NER', 562, 227, 1),
(156, 'NG', 'NIGERIA', 'Nigeria', 'NGA', 566, 234, 1),
(157, 'NU', 'NIUE', 'Niue', 'NIU', 570, 683, 1),
(158, 'NF', 'NORFOLK ISLAND', 'Norfolk Island', 'NFK', 574, 672, 1),
(159, 'MP', 'NORTHERN MARIANA ISLANDS', 'Northern Mariana Islands', 'MNP', 580, 1670, 1),
(160, 'NO', 'NORWAY', 'Norway', 'NOR', 578, 47, 1),
(161, 'OM', 'OMAN', 'Oman', 'OMN', 512, 968, 1),
(162, 'PK', 'PAKISTAN', 'Pakistan', 'PAK', 586, 92, 1),
(163, 'PW', 'PALAU', 'Palau', 'PLW', 585, 680, 1),
(164, 'PS', 'PALESTINIAN TERRITORY, OCCUPIED', 'Palestinian Territory, Occupied', NULL, NULL, 970, 1),
(165, 'PA', 'PANAMA', 'Panama', 'PAN', 591, 507, 1),
(166, 'PG', 'PAPUA NEW GUINEA', 'Papua New Guinea', 'PNG', 598, 675, 1),
(167, 'PY', 'PARAGUAY', 'Paraguay', 'PRY', 600, 595, 1),
(168, 'PE', 'PERU', 'Peru', 'PER', 604, 51, 1),
(169, 'PH', 'PHILIPPINES', 'Philippines', 'PHL', 608, 63, 1),
(170, 'PN', 'PITCAIRN', 'Pitcairn', 'PCN', 612, 0, 1),
(171, 'PL', 'POLAND', 'Poland', 'POL', 616, 48, 1),
(172, 'PT', 'PORTUGAL', 'Portugal', 'PRT', 620, 351, 1),
(173, 'PR', 'PUERTO RICO', 'Puerto Rico', 'PRI', 630, 1787, 1),
(174, 'QA', 'QATAR', 'Qatar', 'QAT', 634, 974, 1),
(175, 'RE', 'REUNION', 'Reunion', 'REU', 638, 262, 1),
(176, 'RO', 'ROMANIA', 'Romania', 'ROM', 642, 40, 1),
(177, 'RU', 'RUSSIAN FEDERATION', 'Russian Federation', 'RUS', 643, 70, 1),
(178, 'RW', 'RWANDA', 'Rwanda', 'RWA', 646, 250, 1),
(179, 'SH', 'SAINT HELENA', 'Saint Helena', 'SHN', 654, 290, 1),
(180, 'KN', 'SAINT KITTS AND NEVIS', 'Saint Kitts and Nevis', 'KNA', 659, 1869, 1),
(181, 'LC', 'SAINT LUCIA', 'Saint Lucia', 'LCA', 662, 1758, 1),
(182, 'PM', 'SAINT PIERRE AND MIQUELON', 'Saint Pierre and Miquelon', 'SPM', 666, 508, 1),
(183, 'VC', 'SAINT VINCENT AND THE GRENADINES', 'Saint Vincent and the Grenadines', 'VCT', 670, 1784, 1),
(184, 'WS', 'SAMOA', 'Samoa', 'WSM', 882, 684, 1),
(185, 'SM', 'SAN MARINO', 'San Marino', 'SMR', 674, 378, 1),
(186, 'ST', 'SAO TOME AND PRINCIPE', 'Sao Tome and Principe', 'STP', 678, 239, 1),
(187, 'SA', 'SAUDI ARABIA', 'Saudi Arabia', 'SAU', 682, 966, 1),
(188, 'SN', 'SENEGAL', 'Senegal', 'SEN', 686, 221, 1),
(189, 'CS', 'SERBIA AND MONTENEGRO', 'Serbia and Montenegro', NULL, NULL, 381, 1),
(190, 'SC', 'SEYCHELLES', 'Seychelles', 'SYC', 690, 248, 1),
(191, 'SL', 'SIERRA LEONE', 'Sierra Leone', 'SLE', 694, 232, 1),
(192, 'SG', 'SINGAPORE', 'Singapore', 'SGP', 702, 65, 1),
(193, 'SK', 'SLOVAKIA', 'Slovakia', 'SVK', 703, 421, 1),
(194, 'SI', 'SLOVENIA', 'Slovenia', 'SVN', 705, 386, 1),
(195, 'SB', 'SOLOMON ISLANDS', 'Solomon Islands', 'SLB', 90, 677, 1),
(196, 'SO', 'SOMALIA', 'Somalia', 'SOM', 706, 252, 1),
(197, 'ZA', 'SOUTH AFRICA', 'South Africa', 'ZAF', 710, 27, 1),
(198, 'GS', 'SOUTH GEORGIA AND THE SOUTH SANDWICH ISLANDS', 'South Georgia and the South Sandwich Islands', NULL, NULL, 0, 1),
(199, 'ES', 'SPAIN', 'Spain', 'ESP', 724, 34, 1),
(200, 'LK', 'SRI LANKA', 'Sri Lanka', 'LKA', 144, 94, 1),
(201, 'SD', 'SUDAN', 'Sudan', 'SDN', 736, 249, 1),
(202, 'SR', 'SURINAME', 'Suriname', 'SUR', 740, 597, 1),
(203, 'SJ', 'SVALBARD AND JAN MAYEN', 'Svalbard and Jan Mayen', 'SJM', 744, 47, 1),
(204, 'SZ', 'SWAZILAND', 'Swaziland', 'SWZ', 748, 268, 1),
(205, 'SE', 'SWEDEN', 'Sweden', 'SWE', 752, 46, 1),
(206, 'CH', 'SWITZERLAND', 'Switzerland', 'CHE', 756, 41, 1),
(207, 'SY', 'SYRIAN ARAB REPUBLIC', 'Syrian Arab Republic', 'SYR', 760, 963, 1),
(208, 'TW', 'TAIWAN, PROVINCE OF CHINA', 'Taiwan, Province of China', 'TWN', 158, 886, 1),
(209, 'TJ', 'TAJIKISTAN', 'Tajikistan', 'TJK', 762, 992, 1),
(210, 'TZ', 'TANZANIA, UNITED REPUBLIC OF', 'Tanzania, United Republic of', 'TZA', 834, 255, 1),
(211, 'TH', 'THAILAND', 'Thailand', 'THA', 764, 66, 1),
(212, 'TL', 'TIMOR-LESTE', 'Timor-Leste', NULL, NULL, 670, 1),
(213, 'TG', 'TOGO', 'Togo', 'TGO', 768, 228, 1),
(214, 'TK', 'TOKELAU', 'Tokelau', 'TKL', 772, 690, 1),
(215, 'TO', 'TONGA', 'Tonga', 'TON', 776, 676, 1),
(216, 'TT', 'TRINIDAD AND TOBAGO', 'Trinidad and Tobago', 'TTO', 780, 1868, 1),
(217, 'TN', 'TUNISIA', 'Tunisia', 'TUN', 788, 216, 1),
(218, 'TR', 'TURKEY', 'Turkey', 'TUR', 792, 90, 1),
(219, 'TM', 'TURKMENISTAN', 'Turkmenistan', 'TKM', 795, 7370, 1),
(220, 'TC', 'TURKS AND CAICOS ISLANDS', 'Turks and Caicos Islands', 'TCA', 796, 1649, 1),
(221, 'TV', 'TUVALU', 'Tuvalu', 'TUV', 798, 688, 1),
(222, 'UG', 'UGANDA', 'Uganda', 'UGA', 800, 256, 1),
(223, 'UA', 'UKRAINE', 'Ukraine', 'UKR', 804, 380, 1),
(224, 'AE', 'UNITED ARAB EMIRATES', 'United Arab Emirates', 'ARE', 784, 971, 1),
(225, 'GB', 'UNITED KINGDOM', 'United Kingdom', 'GBR', 826, 44, 1),
(226, 'US', 'UNITED STATES', 'United States', 'USA', 840, 1, 1),
(227, 'UM', 'UNITED STATES MINOR OUTLYING ISLANDS', 'United States Minor Outlying Islands', NULL, NULL, 1, 1),
(228, 'UY', 'URUGUAY', 'Uruguay', 'URY', 858, 598, 1),
(229, 'UZ', 'UZBEKISTAN', 'Uzbekistan', 'UZB', 860, 998, 1),
(230, 'VU', 'VANUATU', 'Vanuatu', 'VUT', 548, 678, 1),
(231, 'VE', 'VENEZUELA', 'Venezuela', 'VEN', 862, 58, 1),
(232, 'VN', 'VIET NAM', 'Viet Nam', 'VNM', 704, 84, 1),
(233, 'VG', 'VIRGIN ISLANDS, BRITISH', 'Virgin Islands, British', 'VGB', 92, 1284, 1),
(234, 'VI', 'VIRGIN ISLANDS, U.S.', 'Virgin Islands, U.s.', 'VIR', 850, 1340, 1),
(235, 'WF', 'WALLIS AND FUTUNA', 'Wallis and Futuna', 'WLF', 876, 681, 1),
(236, 'EH', 'WESTERN SAHARA', 'Western Sahara', 'ESH', 732, 212, 1),
(237, 'YE', 'YEMEN', 'Yemen', 'YEM', 887, 967, 1),
(238, 'ZM', 'ZAMBIA', 'Zambia', 'ZMB', 894, 260, 1),
(239, 'ZW', 'ZIMBABWE', 'Zimbabwe', 'ZWE', 716, 263, 1);

-- --------------------------------------------------------

--
-- Table structure for table `login`
--

CREATE TABLE IF NOT EXISTS `login` (
  `id` int(11) NOT NULL AUTO_INCREMENT,
  `u_id` int(11) NOT NULL,
  `email` varchar(50) NOT NULL,
  `password` varchar(50) NOT NULL,
  `activated` int(1) NOT NULL,
  `created_date` timestamp NOT NULL DEFAULT CURRENT_TIMESTAMP ON UPDATE CURRENT_TIMESTAMP,
  PRIMARY KEY (`id`),
  KEY `login_user` (`u_id`)
) ENGINE=InnoDB  DEFAULT CHARSET=latin1 AUTO_INCREMENT=31 ;

--
-- Dumping data for table `login`
--

INSERT INTO `login` (`id`, `u_id`, `email`, `password`, `activated`, `created_date`) VALUES
(1, 1, 'dev@workspaceit.com', '123456', 1, '2016-01-18 08:51:11'),
(12, 12, 'dev@workspaceit.comdsf', 'sdfsdfsdf', 0, '2015-09-10 09:17:26'),
(13, 13, 'dev@workspaceit.cm', 'asdadads', 0, '2015-09-10 09:19:43'),
(14, 14, 'dev@workspaceit2.com', '123465', 0, '2015-10-16 08:48:37'),
(19, 15, 'sdf@asdf.com', 'sdfsdfsdf', 0, '2015-11-17 09:31:32'),
(20, 16, 'sdf@sdf.com', 'sdfsdfsdf', 0, '2015-11-17 09:32:19'),
(21, 17, 'sdf@sd1f.com', 'sdfsdfsdf', 0, '2015-11-17 09:32:27'),
(22, 18, 'zxczx@asdf.con', 'asasdasd', 0, '2015-11-17 09:33:26'),
(23, 19, 'sdf@sdfsdf.com', '123123', 0, '2015-11-17 09:33:56'),
(24, 20, 'test@test.coom', '123456', 0, '2015-11-25 09:53:26'),
(25, 21, 'r@r.com', '123456', 0, '2016-01-15 11:21:03'),
(26, 22, 'asd@asdasd.com', '123456', 0, '2016-01-15 11:22:58'),
(27, 23, 'asdl@asdasd.com', '123456', 0, '2016-01-15 11:23:44'),
(28, 24, 'asdkl@asdasd.com', '123456', 0, '2016-01-15 11:24:08'),
(29, 25, 'asd@sasdasd.com', 'asasdasdasd', 0, '2016-01-15 11:26:21'),
(30, 26, 'asd@sdf.vom', '123456', 0, '2016-01-15 11:27:44');

-- --------------------------------------------------------

--
-- Table structure for table `service_provider`
--

CREATE TABLE IF NOT EXISTS `service_provider` (
  `id` int(11) NOT NULL AUTO_INCREMENT,
  `name` varchar(50) NOT NULL COMMENT '1 = Telegram , 2 =  Whats App, 3 = Facebook, 4 = Instragram, 5 = DropBox, 6 = picasa, 7 = flicker , 8 = desktop',
  `created_by` int(11) NOT NULL,
  `created_date` timestamp NOT NULL DEFAULT CURRENT_TIMESTAMP ON UPDATE CURRENT_TIMESTAMP,
  PRIMARY KEY (`id`),
  KEY `service_provider_user` (`created_by`)
) ENGINE=InnoDB  DEFAULT CHARSET=latin1 AUTO_INCREMENT=9 ;

--
-- Dumping data for table `service_provider`
--

INSERT INTO `service_provider` (`id`, `name`, `created_by`, `created_date`) VALUES
(1, 'Telegram', 0, '2015-07-30 06:28:25'),
(2, 'Whats App', 0, '2015-07-30 06:28:42'),
(3, 'Facebook', 0, '2015-09-16 06:10:50'),
(4, 'Instragram', 0, '2015-09-16 06:10:50'),
(5, 'DropBox', 0, '2015-09-16 06:11:21'),
(6, 'Picasa', 0, '2015-09-16 06:11:21'),
(7, 'Flicker', 0, '2015-09-16 06:11:44'),
(8, 'Desktop', 0, '2015-09-16 06:11:44');

-- --------------------------------------------------------

--
-- Table structure for table `shipping_info`
--

CREATE TABLE IF NOT EXISTS `shipping_info` (
  `id` int(11) NOT NULL AUTO_INCREMENT,
  `u_id` int(11) NOT NULL,
  `address1` varchar(50) NOT NULL,
  `address2` varchar(50) NOT NULL,
  `city` text NOT NULL,
  `state` text NOT NULL,
  `postcode` varchar(50) NOT NULL,
  `country` varchar(50) NOT NULL DEFAULT 'United States',
  `phone` varchar(20) NOT NULL,
  PRIMARY KEY (`id`)
) ENGINE=InnoDB  DEFAULT CHARSET=latin1 AUTO_INCREMENT=2 ;

--
-- Dumping data for table `shipping_info`
--

INSERT INTO `shipping_info` (`id`, `u_id`, `address1`, `address2`, `city`, `state`, `postcode`, `country`, `phone`) VALUES
(1, 1, 'Hotel California', 'Lovely Street', 'Califonia South Coralien', 'QC', '1524', 'CA', '1234566780');

-- --------------------------------------------------------

--
-- Table structure for table `user`
--

CREATE TABLE IF NOT EXISTS `user` (
  `id` int(11) NOT NULL AUTO_INCREMENT,
  `first_name` varchar(50) NOT NULL,
  `last_name` varchar(100) NOT NULL,
  `gender` varchar(10) NOT NULL,
  `dob` date DEFAULT NULL,
  `created_date` timestamp NOT NULL DEFAULT CURRENT_TIMESTAMP ON UPDATE CURRENT_TIMESTAMP,
  PRIMARY KEY (`id`)
) ENGINE=InnoDB  DEFAULT CHARSET=latin1 AUTO_INCREMENT=27 ;

--
-- Dumping data for table `user`
--

INSERT INTO `user` (`id`, `first_name`, `last_name`, `gender`, `dob`, `created_date`) VALUES
(1, 'Developer', 'Workspaceit', 'female', '1970-01-01', '2016-01-29 06:43:22'),
(2, 'new name', '', 'female', NULL, '2015-09-09 09:56:30'),
(3, 'new name', '', 'female', NULL, '2015-09-09 09:58:05'),
(4, 'new name', '', 'female', NULL, '2015-09-09 09:58:36'),
(5, 'new name', '', 'female', NULL, '2015-09-09 09:58:41'),
(6, 'new name', '', 'female', NULL, '2015-09-09 09:59:35'),
(26, 'Test', 'Test', 'female', '1988-03-02', '2016-01-15 12:09:40');

-- --------------------------------------------------------

--
-- Table structure for table `user_service`
--

CREATE TABLE IF NOT EXISTS `user_service` (
  `id` int(11) NOT NULL AUTO_INCREMENT,
  `service_user_id` varchar(50) DEFAULT NULL,
  `service_provider_id` int(11) NOT NULL,
  `u_id` int(11) NOT NULL,
  `active` int(11) NOT NULL,
  `created_date` timestamp NOT NULL DEFAULT CURRENT_TIMESTAMP ON UPDATE CURRENT_TIMESTAMP,
  PRIMARY KEY (`id`),
  KEY `user_service_service_provider` (`service_provider_id`),
  KEY `user_service_user` (`u_id`)
) ENGINE=InnoDB  DEFAULT CHARSET=latin1 AUTO_INCREMENT=25 ;

--
-- Dumping data for table `user_service`
--

INSERT INTO `user_service` (`id`, `service_user_id`, `service_provider_id`, `u_id`, `active`, `created_date`) VALUES
(10, '880197974812', 2, 1, 1, '2016-03-15 09:07:34'),
(11, '8801977974819', 2, 1, 1, '2016-03-15 09:16:23'),
(18, NULL, 3, 1, 0, '2015-09-18 05:03:20'),
(19, NULL, 3, 0, 0, '2015-09-18 05:03:23'),
(20, NULL, 5, 1, 0, '2015-09-18 05:03:29'),
(21, NULL, 4, 1, 0, '2015-09-18 05:03:21'),
(22, NULL, 8, 1, 0, '2015-09-18 05:03:31'),
(23, NULL, 4, 14, 0, '2015-10-16 08:49:08'),
(24, NULL, 8, 19, 0, '2016-01-08 06:01:28');

-- --------------------------------------------------------

--
-- Table structure for table `user_service_data`
--

CREATE TABLE IF NOT EXISTS `user_service_data` (
  `id` int(11) NOT NULL AUTO_INCREMENT,
  `user_service_id` int(11) NOT NULL,
  `media_file_path` varchar(100) NOT NULL,
  `others_obj` text NOT NULL,
  `created_date` timestamp NOT NULL DEFAULT CURRENT_TIMESTAMP ON UPDATE CURRENT_TIMESTAMP,
  PRIMARY KEY (`id`)
) ENGINE=InnoDB  DEFAULT CHARSET=latin1 AUTO_INCREMENT=146 ;

--
-- Dumping data for table `user_service_data`
--

INSERT INTO `user_service_data` (`id`, `user_service_id`, `media_file_path`, `others_obj`, `created_date`) VALUES
(1, 10, '1/33bb0ed82f68611c125ff74ebde0c068.jpg', '', '2015-09-09 05:52:47'),
(2, 10, '1/2f06fdd310b56f83a6537670a698c641.jpg', '', '2015-09-09 05:52:47'),
(3, 10, '1/a980280521930916c44d4ce126349c9e.jpg', '', '2015-09-09 05:52:47'),
(4, 10, '1/3bebdf4ce6e9566ceac5838b07700b5d.jpg', '', '2015-09-09 05:52:47'),
(5, 10, '1/77106b9062bbca5cfba74138896e9e8f.jpg', '', '2015-09-09 05:52:47'),
(6, 10, '1/6507d8f4dc68bcacee71685a6328514a.jpg', '', '2015-09-09 05:52:47'),
(7, 10, '1/84cba22a59204ab1e3c1d3a90296226b.jpg', '', '2015-09-09 05:52:47'),
(8, 10, '1/5b1c01ec9fcf94b5558e7d42b70179eb.jpg', '', '2015-09-09 05:52:47'),
(9, 10, '1/7075286f37cf9974ae55388b6432d513.jpg', '', '2015-09-09 05:52:47'),
(10, 10, '1/4a4173e68d3d44e2cedbf9a8b73c633a.jpg', '', '2015-09-09 05:52:47'),
(11, 10, '1/042cde0f10cd0fa1d6ace8139cbdb26d.jpg', '', '2015-09-09 05:52:47'),
(12, 10, '1/cc94e8b298326035ad05fb34b83f4dfd.jpg', '', '2015-09-09 05:52:47'),
(13, 10, '1/c814de6b0ec0d22f88c708e42e3b7331.jpg', '', '2015-09-09 05:52:47'),
(14, 10, '1/563276cf8c70df77ce408cd76aa0a5c4.jpg', '', '2015-09-09 05:52:47'),
(15, 10, '1/25048eed02d82b5b2a465d826d9f557b.jpg', '', '2015-09-09 05:52:47'),
(16, 10, '1/8d85006b6f216b3d7159b3db8433e158.jpg', '', '2015-09-09 05:52:47'),
(17, 10, '1/931819ecfcebb84291fd7ffd5dac73fd.jpg', '', '2015-09-09 05:52:47'),
(18, 10, '1/0fee6cd32bafb506395cb5dead86aaee.jpg', '', '2015-09-09 05:52:47'),
(19, 10, '1/4ffda2f4f839ef297dee05ba0de331bf.jpg', '', '2015-09-09 05:52:47'),
(20, 10, '1/29fc73845f151c424ce331ad772af5ef.jpg', '', '2015-09-09 05:52:47'),
(21, 10, '1/f8cd4c7a38a22a44e9ca48f657e9aae3.jpg', '', '2015-09-09 05:52:47'),
(49, 20, '1/dropbox/cd153c6dc997d82cc25388d16d739b36.png', '', '2015-09-17 05:58:49'),
(50, 20, '1/dropbox/40616572d87099f07b3901b6f4b0dd4d.jpg', '', '2015-09-17 06:00:45'),
(51, 21, '1/instagram/d67ae98a541223436a2463ff6c422265.jpg', '', '2015-09-17 06:03:55'),
(52, 21, '1/instagram/29da347c7811462d0fc3ec77dab278cd.jpg', '', '2015-09-17 06:03:57'),
(53, 21, '1/instagram/1d95e3e15bf4f389ad5d5a01a4bf8e7c.jpg', '', '2015-09-17 06:03:59'),
(54, 22, '1/desktop/fb24a8f83aa1e8b45d7ae9bf37c5f614.png', '', '2015-09-17 08:56:11'),
(55, 22, '1/desktop/fb24a8f83aa1e8b45d7ae9bf37c5f614.png', '', '2015-09-17 08:56:11'),
(56, 22, '1/desktop/fb24a8f83aa1e8b45d7ae9bf37c5f614.png', '', '2015-09-17 08:56:11'),
(58, 18, '1/facebook/4431f5387396c9cd22faa7ee449b1e19.jpg', '', '2015-09-17 09:28:20'),
(59, 18, '1/facebook/aadf339632b5d38bb14ebe9fc315f38c.jpg', '', '2015-09-17 09:28:21'),
(60, 21, '1/instagram/6caf0de23290a469eb6bf151bc25a4a5.jpg', '', '2015-09-17 09:28:39'),
(61, 21, '1/instagram/0ae90b5189610df97e9ac81e2a768184.jpg', '', '2015-09-17 09:28:41'),
(62, 21, '1/instagram/ec055e6df9843aecab825c6c3ec48bbf.jpg', '', '2015-09-17 09:28:43'),
(63, 20, '1/dropbox/7c57954fd6c3c74fee6ccafd2d1bfb56.jpg', '', '2015-09-17 09:31:21'),
(64, 20, '1/dropbox/bcad568569bc0991806dc6d5c6dd9ae4.jpg', '', '2015-09-17 09:31:33'),
(65, 20, '1/dropbox/b8f0b701694e622207abe92da24e7a40.png', '', '2015-09-17 09:31:40'),
(66, 20, '1/dropbox/093e5add5ba201e4c359537ffb0a516c.jpg', '', '2015-09-17 09:31:53'),
(67, 20, '1/dropbox/8729d67bf4fc4e31bbb94f88d4715907.jpg', '', '2015-09-17 09:32:01'),
(68, 20, '1/dropbox/9b97577ea72c0883081f538d1e122400.jpg', '', '2015-09-17 09:32:07'),
(69, 20, '1/dropbox/9be3d38f5599279c025634fcbcfe740a.jpg', '', '2015-09-17 09:32:12'),
(70, 20, '1/dropbox/f696832323b09c0fd83158179f5cc5be.jpg', '', '2015-09-17 09:32:21'),
(71, 20, '1/dropbox/089ab8a14e3a53ab471a4eef2aa11300.jpg', '', '2015-09-17 09:32:37'),
(72, 20, '1/dropbox/f36fa7744c4a5b8624167a874d69d4b4.jpg', '', '2015-09-17 09:32:43'),
(73, 21, '1/instagram/04ae9d11361fdd9c3f7f79b01a08239c.jpg', '', '2015-09-18 06:39:31'),
(75, 21, '1/instagram/ba9c865a248627feb0f4f23ddcf9be8e.jpg', '', '2015-09-18 06:39:33'),
(77, 18, '1/facebook/e687a8d2f8c921f59be8abc7bc8efcd1.jpg', '', '2015-09-18 06:40:28'),
(78, 18, '1/facebook/8051982eed9a230f054dc6719193de48.jpg', '', '2015-09-18 06:40:30'),
(79, 18, '1/facebook/d7b4698a9f2ed2352e17106603b5dae8.jpg', '', '2015-09-18 06:40:34'),
(80, 18, '1/facebook/93612d1d6b3848b2f1a2af8fb6ad8194.jpg', '', '2015-09-18 06:40:35'),
(81, 11, '1/2d7f3c1d725637e08dddec8b25d4cc59.jpg', '', '2015-09-18 11:46:46'),
(82, 21, '1/instagram/8d7e121e33b82076ec14744d96ef1726.jpg', '', '2015-10-15 08:52:06'),
(83, 21, '1/instagram/c3030eff67c9234ec211a81f8677ea89.jpg', '', '2015-10-15 08:52:10'),
(84, 21, '1/instagram/42090beb69b95f08db1ecccd72d8889d.jpg', '', '2015-10-15 08:52:14'),
(85, 23, '14/instagram/5823cedbbd6ed145a834f1f52cf2d4af.jpg', '', '2015-10-16 10:04:04'),
(86, 23, '14/instagram/cab58e253af6ebbabaefb4b824c6e2c6.jpg', '', '2015-10-16 10:04:33'),
(87, 23, '14/instagram/52db8ee864ef92869b267e9e740d01d7.jpg', '', '2015-10-16 10:04:56'),
(88, 22, '1/desktop/df8cdeb32465290891578d3f23798bdd.png', '', '2015-11-17 10:11:14'),
(89, 22, '1/desktop/e4a82c409edd34bfe3a7921f8b3b01d5.png', '', '2015-11-17 10:11:15'),
(90, 22, '1/desktop/6fd59dbc1ef6a08a04e87d56860c5ab6.desktop', '', '2015-11-17 10:19:19'),
(91, 22, '1/desktop/6f97b2d42e4afb64b0ea476cdfd1d93e.log', '', '2015-11-17 10:19:19'),
(92, 22, '1/desktop/ee7ce9312ce5d831cbb00427ce10857c.xml', '', '2015-11-17 10:19:19'),
(93, 22, '1/desktop/4f1bc0b182819d52e0cdcc2317844a9f.jpg', '', '2015-11-17 10:19:19'),
(94, 22, '1/desktop/8f5a32d5cb4f1fefe2f94dc4728ec87c.png', '', '2015-11-25 04:29:08'),
(95, 22, '1/desktop/8a47b3213b02a85359bcdd0ec603cb8d.png', '', '2015-11-25 04:29:12'),
(96, 22, '1/desktop/96ffe4574340a5e170d437082b82d985.png', '', '2015-11-25 04:30:41'),
(97, 22, '1/desktop/8e53f1ff643980cfbbf84233f19642e5.png', '', '2015-11-25 04:30:41'),
(98, 22, '1/desktop/c5171064b311f51892ac57ac82f3adcf.png', '', '2015-11-25 04:30:58'),
(99, 22, '1/desktop/c12082429180c517e226a5e6ec8e626b.png', '', '2015-11-25 04:30:58'),
(100, 22, '1/desktop/4d0252b5ca3443a21517fb9df8cd82fa.png', '', '2015-11-25 04:32:51'),
(101, 22, '1/desktop/b1d207949ece83aed957fddebfef28ec.png', '', '2015-11-25 04:32:51'),
(102, 22, '1/desktop/a8f67f83d004c0e464ec601698e5dace.png', '', '2015-11-25 04:32:51'),
(103, 22, '1/desktop/ad5450d5af702b6329a36dba9527e658.png', '', '2015-11-25 04:32:51'),
(104, 22, '1/desktop/b20a7ca9f4130e3fceaee85a0270a78a.png', '', '2015-11-25 04:34:31'),
(105, 22, '1/desktop/8602b1926b28f989b8b62cad19fac1c7.png', '', '2015-11-25 04:34:31'),
(106, 22, '1/desktop/b52da6a0f3d82e0ae82df1d2eeb4b078.png', '', '2015-11-25 04:34:31'),
(107, 22, '1/desktop/d636c7b70eb5329b3096fceeff507d82.png', '', '2015-11-25 04:34:31'),
(108, 22, '1/desktop/0dc2bb37bbca2909400c12f2b811d30e.png', '', '2015-11-25 04:35:34'),
(109, 22, '1/desktop/e8317022069b5e50c952918105230d33.png', '', '2015-11-25 04:35:34'),
(110, 22, '1/desktop/1674cdac1bf09b5dc756ee40b410da4e.png', '', '2015-11-25 04:35:34'),
(111, 22, '1/desktop/9196ee4112b1cc3574e4cf60170eb978.png', '', '2015-11-25 04:35:34'),
(112, 22, '1/desktop/5ba530d747968bfe64104df91ac855c7.png', '', '2015-11-25 04:37:34'),
(113, 22, '1/desktop/73285b8c9981a495d2e2717182a8ea68.png', '', '2015-11-25 04:40:42'),
(114, 22, '1/desktop/0cfaea071666dfdfe6867bb28b09fec8.png', '', '2015-11-25 04:40:42'),
(115, 22, '1/desktop/8efe51d5dfb0f1dfd5654320f218e50a.png', '', '2015-11-25 04:40:42'),
(116, 22, '1/desktop/0ede658cb516351414da16122b01ada9.png', '', '2015-11-25 04:40:42'),
(117, 22, '1/desktop/4cb606bb06ebb25d97e8a2b5d38172ab.png', '', '2015-11-25 04:40:55'),
(118, 22, '1/desktop/20c6fbb1c5eced937d0190f1cf705856.png', '', '2015-11-25 04:40:55'),
(119, 22, '1/desktop/1228997da59d1f48b6d4c4bf4bd0ee44.png', '', '2015-11-25 04:40:55'),
(120, 22, '1/desktop/0adf2cf1ba8256d9d619367a83ba2fc4.png', '', '2015-11-25 04:40:55'),
(121, 24, '19/desktop/af9e6653f43869e8b0834cd3483bf84b.jpg', '', '2016-01-08 06:01:28'),
(122, 20, '1/dropbox/4357401b5ae269d8c503c934f728615d.jpg', '', '2016-03-01 10:08:05'),
(123, 20, '1/dropbox/da11010bbe7054933f80446d02730421.jpg', '', '2016-03-01 10:08:11'),
(124, 20, '1/dropbox/156ab291858a2a9ce5e223bf102eaee0.jpg', '', '2016-03-01 10:09:20'),
(125, 20, '1/dropbox/d6d6eb6450b169f5d7829ce6d31ddc9b.png', '', '2016-03-01 10:09:30'),
(126, 20, '1/dropbox/11ea40d181fcfd1ebb00bd34e7c6af79.jpg', '', '2016-03-01 10:09:37'),
(127, 20, '1/dropbox/8b23861888ac299dd211b3b504779a5b.jpg', '', '2016-03-01 10:09:49'),
(128, 20, '1/dropbox/e3173be8764c40e0db740ffa38ab3d71.jpg', '', '2016-03-01 10:22:48'),
(129, 20, '1/dropbox/fcffba7742166e2610537edd9878ffeb.png', '', '2016-03-01 10:22:55'),
(130, 20, '1/dropbox/97d51edebf4f073f2553452387a3172d.jpg', '', '2016-03-01 10:23:07'),
(131, 20, '1/dropbox/13bf70005daea338616004b234fe47a8.jpg', '', '2016-03-01 10:23:11'),
(132, 20, '1/dropbox/3d3e79332623e8dc8a6b4b153960bf91.png', '', '2016-03-01 10:23:21'),
(133, 20, '1/dropbox/e6c202f7d82b59f1ec079bea62a8bfb1.png', '', '2016-03-01 10:23:34'),
(134, 20, '1/dropbox/a3c316818fe0c6344cfb4a958baa52f4.jpg', '', '2016-03-01 10:23:39'),
(135, 20, '1/dropbox/53c931adc258ea8d6847666073846c33.jpg', '', '2016-03-01 10:23:43'),
(136, 20, '1/dropbox/593ded2b7e47e3dc34eb9f31b8e4832f.jpg', '', '2016-03-01 10:38:42'),
(137, 20, '1/dropbox/223223d8d2b69c247cf63b666fd1962d.png', '', '2016-03-01 10:38:50'),
(138, 20, '1/dropbox/c4e4b0fa5d082984b13f4ef4dc4d037e.jpg', '', '2016-03-01 10:38:56'),
(139, 20, '1/dropbox/0e2811206a301d678e42d7619bacd957.jpg', '', '2016-03-01 10:39:01'),
(140, 20, '1/dropbox/fee609b4ee8e736b1fd88b6e63f02d08.png', '', '2016-03-01 10:39:07'),
(141, 20, '1/dropbox/e9e944473af4502b28543c21d7345ebe.png', '', '2016-03-01 10:39:28'),
(142, 20, '1/dropbox/174e93857df9a4cc776e0f04988636e9.jpg', '', '2016-03-01 10:39:37'),
(143, 20, '1/dropbox/2204c95ca82dbb9bcc89ec902e97fe18.jpg', '', '2016-03-01 10:39:44'),
(144, 20, '1/dropbox/c191ab886ddc6425dcfa4edf17323e23.jpg', '', '2016-03-01 10:39:49'),
(145, 20, '1/dropbox/1284b939a9e74ed92749e48d6a7022d1.jpg', '', '2016-03-01 10:39:54');

/*!40101 SET CHARACTER_SET_CLIENT=@OLD_CHARACTER_SET_CLIENT */;
/*!40101 SET CHARACTER_SET_RESULTS=@OLD_CHARACTER_SET_RESULTS */;
/*!40101 SET COLLATION_CONNECTION=@OLD_COLLATION_CONNECTION */;
