-- phpMyAdmin SQL Dump
-- version 4.0.10deb1
-- http://www.phpmyadmin.net
--
-- Host: localhost
-- Generation Time: Dec 07, 2015 at 03:18 PM
-- Server version: 5.5.46-0ubuntu0.14.04.2
-- PHP Version: 5.5.9-1ubuntu4.14

SET SQL_MODE = "NO_AUTO_VALUE_ON_ZERO";
SET time_zone = "+00:00";


/*!40101 SET @OLD_CHARACTER_SET_CLIENT=@@CHARACTER_SET_CLIENT */;
/*!40101 SET @OLD_CHARACTER_SET_RESULTS=@@CHARACTER_SET_RESULTS */;
/*!40101 SET @OLD_COLLATION_CONNECTION=@@COLLATION_CONNECTION */;
/*!40101 SET NAMES utf8 */;

--
-- Database: `ezeepix`
--

-- --------------------------------------------------------

--
-- Table structure for table `activation_token`
--

CREATE TABLE IF NOT EXISTS `activation_token` (
  `id` int(11) NOT NULL AUTO_INCREMENT,
  `u_id` int(11) NOT NULL,
  `token` varchar(100) NOT NULL,
  `service_provider_id` int(11) NOT NULL,
  `create_date` timestamp NOT NULL DEFAULT CURRENT_TIMESTAMP ON UPDATE CURRENT_TIMESTAMP,
  PRIMARY KEY (`id`),
  KEY `activation_tokken_service_provider` (`service_provider_id`),
  KEY `activation_tokken_user` (`u_id`)
) ENGINE=InnoDB  DEFAULT CHARSET=latin1 AUTO_INCREMENT=23 ;

--
-- Dumping data for table `activation_token`
--

INSERT INTO `activation_token` (`id`, `u_id`, `token`, `service_provider_id`, `create_date`) VALUES
(1, 1, 'MGEH7C', 1, '2015-08-10 11:06:48'),
(2, 1, '5meaU5', 2, '2015-08-10 11:07:46'),
(3, 1, 'wyAYxM', 1, '2015-09-20 08:21:33'),
(4, 1, 'PHR9FH', 2, '2015-09-20 08:22:44'),
(5, 1, 'S3q9eU', 2, '2015-09-20 08:25:12'),
(6, 1, 'ZLnun0', 2, '2015-09-20 08:27:46'),
(7, 1, 'b9tIUI', 2, '2015-09-20 08:28:58'),
(8, 1, 'Prg25g', 2, '2015-09-20 08:29:58'),
(9, 1, 'xTCsA0', 2, '2015-09-20 08:30:48'),
(10, 1, 'btM0GC', 2, '2015-09-20 08:32:02'),
(11, 1, 'W3G6oy', 2, '2015-09-20 08:38:47'),
(12, 1, 'c7L5rM', 2, '2015-10-05 18:02:56'),
(13, 1, 'dmWoKE', 2, '2015-10-05 18:03:52'),
(14, 3, 'qDab6n', 2, '2015-10-09 09:10:46'),
(15, 3, 't0fBSc', 2, '2015-10-09 09:11:05'),
(16, 1, 'XpXqb4', 2, '2015-10-22 12:40:52'),
(17, 1, 'Asc16W', 2, '2015-10-22 12:42:30'),
(18, 2, '0mdW9m', 2, '2015-10-22 12:45:34'),
(19, 2, 'm3KhgL', 2, '2015-10-22 12:46:20'),
(20, 1, 'JX2yW6', 2, '2015-10-22 12:46:36'),
(21, 2, 'GhT5nS', 1, '2015-10-22 12:48:00'),
(22, 2, '9eroZ3', 2, '2015-10-22 12:54:38');

-- --------------------------------------------------------

--
-- Table structure for table `admin_users`
--

CREATE TABLE IF NOT EXISTS `admin_users` (
  `id` int(10) unsigned NOT NULL AUTO_INCREMENT,
  `name` varchar(255) COLLATE utf8_unicode_ci NOT NULL,
  `email` varchar(255) COLLATE utf8_unicode_ci NOT NULL,
  `password` varchar(60) COLLATE utf8_unicode_ci NOT NULL,
  `remember_token` varchar(100) COLLATE utf8_unicode_ci DEFAULT NULL,
  `created_at` timestamp NOT NULL DEFAULT '0000-00-00 00:00:00',
  `updated_at` timestamp NOT NULL DEFAULT '0000-00-00 00:00:00',
  PRIMARY KEY (`id`),
  UNIQUE KEY `admin_users_email_unique` (`email`)
) ENGINE=InnoDB  DEFAULT CHARSET=utf8 COLLATE=utf8_unicode_ci AUTO_INCREMENT=5 ;

--
-- Dumping data for table `admin_users`
--

INSERT INTO `admin_users` (`id`, `name`, `email`, `password`, `remember_token`, `created_at`, `updated_at`) VALUES
(1, 'Admin', 'admin@ezeepix.com', '$2y$10$g.t2gQkFRm3JODRFUzMZ9OIYauJePeIhG/VsBJ48/ddNwCS0w8Rja', 'AKHPrmEzbkKWDi8vGfYPQsRpnJZGwJ6aXsjtWw9Ar36LLrjAfxb39cphySBS', '2015-10-28 04:43:11', '2015-10-29 06:01:06'),
(2, 'Abu Bakar Siddique Update', 'absiddique.live@gmail.com', '$2y$10$xWS3RulFZ6E7ftFx3yy.xeSH9alb9/rVEqR3J6MDa3arRTEsMe48C', NULL, '2015-10-29 02:56:34', '2015-10-29 04:33:34'),
(4, 'Test BD', 'absiddique@workspaceit.com', '$2y$10$hR.15lbjD2nNec3QyVwjOeUMsFGhruS3RCChjKGTNp/c2ghxgKuwy', NULL, '2015-10-29 04:54:30', '2015-10-29 04:54:30');

-- --------------------------------------------------------

--
-- Table structure for table `login`
--

CREATE TABLE IF NOT EXISTS `login` (
  `id` int(11) NOT NULL AUTO_INCREMENT,
  `u_id` int(11) NOT NULL,
  `email` varchar(50) NOT NULL,
  `password` varchar(50) NOT NULL,
  `created_date` timestamp NOT NULL DEFAULT CURRENT_TIMESTAMP ON UPDATE CURRENT_TIMESTAMP,
  PRIMARY KEY (`id`),
  KEY `login_user` (`u_id`)
) ENGINE=InnoDB  DEFAULT CHARSET=latin1 AUTO_INCREMENT=17 ;

--
-- Dumping data for table `login`
--

INSERT INTO `login` (`id`, `u_id`, `email`, `password`, `created_date`) VALUES
(1, 1, 'dev@workspaceit.com', '123456', '2015-09-22 07:28:59'),
(2, 2, 'gershonungar@gmail.com', '102391', '2015-09-17 14:36:14'),
(3, 3, 'gershieungar@gmail.com', '102391', '2015-10-09 09:10:13'),
(4, 4, 'nawreen@gmail.com', '123456', '2015-10-15 09:40:14'),
(5, 5, 'jannaturmi992@gmail.com', '123456', '2015-10-15 09:41:16'),
(6, 6, 'jannaturmi92@gmail.com', '123456', '2015-10-15 09:43:12'),
(7, 7, 'jannaturmi@gmail.com', '12345678', '2015-10-15 10:43:36'),
(8, 8, 'jannat@gmail.com', '1234567', '2015-10-15 09:48:17'),
(9, 9, 'rafi@gmail.com', '1234567', '2015-10-15 09:49:58'),
(10, 10, 'admin@dcard.com', '1234356', '2015-10-16 08:51:15'),
(11, 11, 'dev2@workspaceit.com', '123456', '2015-10-30 10:53:25'),
(12, 12, 'dev21@workspaceit.com', '123456', '2015-10-30 11:00:09'),
(13, 13, 'devfasdf@workspaceit.com', '123456', '2015-10-30 11:30:03'),
(14, 14, 'dasadfev@workspaceit.com', '123456', '2015-10-30 11:31:36'),
(15, 15, 'devasdfasdf@workspaceit.com', '123456', '2015-10-30 11:32:40'),
(16, 16, 'dev@workspaceit.comthe', '123456', '2015-10-30 12:24:54');

-- --------------------------------------------------------

--
-- Table structure for table `migrations`
--

CREATE TABLE IF NOT EXISTS `migrations` (
  `migration` varchar(255) COLLATE utf8_unicode_ci NOT NULL,
  `batch` int(11) NOT NULL
) ENGINE=InnoDB DEFAULT CHARSET=utf8 COLLATE=utf8_unicode_ci;

--
-- Dumping data for table `migrations`
--

INSERT INTO `migrations` (`migration`, `batch`) VALUES
('2014_10_12_000000_create_users_table', 1);

-- --------------------------------------------------------

--
-- Table structure for table `reset_password`
--

CREATE TABLE IF NOT EXISTS `reset_password` (
  `id` int(10) unsigned NOT NULL AUTO_INCREMENT,
  `email` varchar(35) NOT NULL,
  `token` varchar(60) NOT NULL,
  `expired` timestamp NOT NULL DEFAULT CURRENT_TIMESTAMP ON UPDATE CURRENT_TIMESTAMP,
  PRIMARY KEY (`id`),
  KEY `id` (`id`)
) ENGINE=InnoDB  DEFAULT CHARSET=latin1 AUTO_INCREMENT=36 ;

--
-- Dumping data for table `reset_password`
--

INSERT INTO `reset_password` (`id`, `email`, `token`, `expired`) VALUES
(1, 'test', 'test', '2015-09-21 11:11:46'),
(2, 'ios.developers@workspaceit.com', 'ce0db154d444c8d8731d9df693003ca9', '2015-09-21 23:31:00'),
(3, 'ios.developers@workspaceit.com', 'ce0db154d444c8d8731d9df693003ca9', '2015-09-21 23:31:00'),
(4, 'ios.developers@workspaceit.com', 'd4241e75ba892fb01cf85f63239f1054', '2015-09-21 23:37:00'),
(5, 'ios.developers@workspaceit.com', '887b2036d5c08a71110abdca0b07a49f', '2015-09-21 23:44:00'),
(6, 'ios.developers@workspaceit.com', '4b1554bf9617389d09a42ed62551b1c5', '2015-09-21 23:54:00'),
(35, 'app.developer.wsit@gmail.com', '39f7e304a8ed5488667ea30fddf5f866', '2015-09-22 18:29:00');

-- --------------------------------------------------------

--
-- Table structure for table `service_provider`
--

CREATE TABLE IF NOT EXISTS `service_provider` (
  `id` int(11) NOT NULL AUTO_INCREMENT,
  `name` varchar(50) NOT NULL COMMENT '1 = Telegram , 2 =  Whats App, 3 = Facebook, 4 = Instragram, 5 = DropBox, 6 = picasa, 7 = flicker , 8 = desktop',
  `created_by` int(11) NOT NULL,
  `created_date` timestamp NOT NULL DEFAULT CURRENT_TIMESTAMP ON UPDATE CURRENT_TIMESTAMP,
  PRIMARY KEY (`id`),
  KEY `service_provider_user` (`created_by`)
) ENGINE=InnoDB  DEFAULT CHARSET=latin1 AUTO_INCREMENT=9 ;

--
-- Dumping data for table `service_provider`
--

INSERT INTO `service_provider` (`id`, `name`, `created_by`, `created_date`) VALUES
(1, 'Telegram', 0, '2015-07-30 00:28:25'),
(2, 'Whats App', 0, '2015-07-30 00:28:42'),
(3, 'Facebook', 0, '2015-09-16 00:10:50'),
(4, 'Instagram', 0, '2015-10-21 12:32:45'),
(5, 'Dropbox', 0, '2015-10-21 11:53:06'),
(6, 'Picasa', 0, '2015-09-16 00:11:21'),
(7, 'Flicker', 0, '2015-09-16 00:11:44'),
(8, 'Desktop', 0, '2015-09-16 00:11:44');

-- --------------------------------------------------------

--
-- Table structure for table `user`
--

CREATE TABLE IF NOT EXISTS `user` (
  `id` int(11) NOT NULL AUTO_INCREMENT,
  `first_name` varchar(25) NOT NULL,
  `last_name` varchar(25) NOT NULL,
  `gender` varchar(10) NOT NULL,
  `dob` date DEFAULT NULL,
  `created_date` timestamp NOT NULL DEFAULT CURRENT_TIMESTAMP ON UPDATE CURRENT_TIMESTAMP,
  PRIMARY KEY (`id`)
) ENGINE=InnoDB  DEFAULT CHARSET=latin1 AUTO_INCREMENT=17 ;

--
-- Dumping data for table `user`
--

INSERT INTO `user` (`id`, `first_name`, `last_name`, `gender`, `dob`, `created_date`) VALUES
(1, 'Test', 'Account', 'male', '1991-10-15', '2015-10-30 07:04:26'),
(2, 'Gershon', 'Ungar', 'male', '1991-10-23', '2015-10-30 12:28:51'),
(3, 'Gershon Ungar', '', 'male', NULL, '2015-10-09 09:10:13'),
(4, 'jannat urmi', '', 'female', NULL, '2015-10-15 09:40:13'),
(5, 'jannat urmi', '', 'female', NULL, '2015-10-15 09:41:16'),
(6, 'jannat urmi', '', 'female', NULL, '2015-10-15 09:43:12'),
(7, 'jannat urmi', '', 'female', NULL, '2015-10-15 09:43:52'),
(8, 'jannat urmi', '', 'female', NULL, '2015-10-15 09:48:17'),
(9, 'Rafi', '', 'Male', NULL, '2015-10-22 08:29:59'),
(10, 'asd', '', 'female', NULL, '2015-10-16 08:51:15'),
(11, 'fsdf', '', 'female', NULL, '2015-10-30 10:53:25'),
(12, 'fsdf', '', 'male', NULL, '2015-10-30 11:00:09'),
(13, 'asfd', 'fasdf', 'female', NULL, '2015-10-30 11:30:03'),
(14, 'fasdf', 'asdf', 'male', NULL, '2015-10-30 11:31:36'),
(15, 'sdfa', 'sdfasd', 'female', NULL, '2015-10-30 11:32:40'),
(16, 'asdf', 'asdf', 'female', NULL, '2015-10-30 12:24:54');

-- --------------------------------------------------------

--
-- Table structure for table `user_service`
--

CREATE TABLE IF NOT EXISTS `user_service` (
  `id` int(11) NOT NULL AUTO_INCREMENT,
  `service_user_id` varchar(50) DEFAULT NULL,
  `service_provider_id` int(11) NOT NULL,
  `u_id` int(11) NOT NULL,
  `active` int(11) NOT NULL,
  `created_date` timestamp NOT NULL DEFAULT CURRENT_TIMESTAMP ON UPDATE CURRENT_TIMESTAMP,
  PRIMARY KEY (`id`),
  KEY `user_service_service_provider` (`service_provider_id`),
  KEY `user_service_user` (`u_id`)
) ENGINE=InnoDB  DEFAULT CHARSET=latin1 AUTO_INCREMENT=28 ;

--
-- Dumping data for table `user_service`
--

INSERT INTO `user_service` (`id`, `service_user_id`, `service_provider_id`, `u_id`, `active`, `created_date`) VALUES
(2, '8801977974813', 2, 1, 1, '2015-09-09 11:16:40'),
(10, '8801977974812', 1, 1, 1, '2015-09-17 09:45:21'),
(11, NULL, 8, 1, 0, '2015-09-17 09:45:32'),
(12, NULL, 3, 1, 0, '2015-09-17 09:45:28'),
(13, NULL, 5, 1, 0, '2015-09-17 09:45:30'),
(14, NULL, 4, 1, 0, '2015-09-17 09:45:25'),
(15, '8801977974809', 1, 1, 1, '2015-09-20 08:22:09'),
(16, '8801977974809', 2, 1, 1, '2015-09-20 08:39:12'),
(17, NULL, 4, 7, 0, '2015-10-15 10:20:09'),
(18, NULL, 4, 9, 0, '2015-10-15 11:44:05'),
(19, NULL, 3, 9, 0, '2015-10-15 12:50:42'),
(20, NULL, 4, 10, 0, '2015-10-16 08:51:41'),
(21, NULL, 3, 10, 0, '2015-10-16 10:22:07'),
(22, '8801977974812', 2, 1, 1, '2015-10-22 12:47:00'),
(23, '17473335623', 1, 2, 1, '2015-10-22 12:48:22'),
(24, '13475543456', 2, 2, 1, '2015-10-22 12:55:03'),
(25, NULL, 8, 2, 0, '2015-10-22 13:01:18'),
(26, NULL, 3, 2, 0, '2015-10-30 11:05:27'),
(27, NULL, 4, 2, 0, '2015-10-30 12:56:12');

-- --------------------------------------------------------

--
-- Table structure for table `user_service_data`
--

CREATE TABLE IF NOT EXISTS `user_service_data` (
  `id` int(11) NOT NULL AUTO_INCREMENT,
  `user_service_id` int(11) NOT NULL,
  `media_file_path` varchar(100) NOT NULL,
  `others_obj` text NOT NULL,
  `created_date` timestamp NOT NULL DEFAULT CURRENT_TIMESTAMP ON UPDATE CURRENT_TIMESTAMP,
  PRIMARY KEY (`id`)
) ENGINE=InnoDB  DEFAULT CHARSET=latin1 AUTO_INCREMENT=132 ;

--
-- Dumping data for table `user_service_data`
--

INSERT INTO `user_service_data` (`id`, `user_service_id`, `media_file_path`, `others_obj`, `created_date`) VALUES
(13, 13, '1/dropbox/cdcb48024887126d7ac8dba64837c19d.jpg', '', '2015-09-17 08:49:23'),
(15, 14, '1/instagram/0e46c7fc457d600a3d101a8bb0c3a3e0.jpg', '', '2015-09-17 08:50:21'),
(23, 10, '1/5720958fe32a786424a740faa373da24.jpg', '', '2015-09-18 08:18:36'),
(25, 10, '1/abfd416937054952f017ff101b0952e4.jpg', '', '2015-09-18 08:21:42'),
(30, 18, '9/instagram/0e55babaaa0aa8ea9f5be55c71952746.jpg', '', '2015-10-15 12:08:08'),
(31, 18, '9/instagram/508d0204b66c988a882bad1eecf4c215.jpg', '', '2015-10-15 12:08:46'),
(32, 18, '9/instagram/2edabe55851ce6f4ccda795ea8d3a874.jpg', '', '2015-10-15 12:36:07'),
(33, 17, '7/instagram/0e1eaba2f1437aa18d73ff4883cfe2b4.jpg', '', '2015-10-15 12:40:35'),
(34, 17, '7/instagram/f851550a9185b803c873785a31a48d61.jpg', '', '2015-10-15 12:41:34'),
(35, 17, '7/instagram/9c2c4297306b2935a230b752c98c20bc.', '', '2015-10-15 12:42:17'),
(36, 17, '7/instagram/f78aae9a99c660d3ae16d7b5ff9f91af.jpg', '', '2015-10-15 12:44:23'),
(37, 19, '9/facebook/eb18932c40b8e8ee2d5e02aa4e6b6f58.jpg', '', '2015-10-15 12:50:43'),
(38, 19, '9/facebook/e36e600ff9dc1ba6a02c61aa9a6fd78a.jpg', '', '2015-10-15 12:50:44'),
(39, 20, '10/instagram/2223f9bd6153cb5261bcf27eedb845f6.jpg', '', '2015-10-16 08:51:51'),
(40, 20, '10/instagram/b691644413203f76b7117e2667f0a38c.jpg', '', '2015-10-16 08:52:00'),
(43, 13, '1/dropbox/e44f0921b3c23ee585e18b87f60b2937.jpg', '', '2015-10-21 10:05:46'),
(44, 13, '1/dropbox/10af0af755723b87eff3b15b97dfe807.jpg', '', '2015-10-21 10:05:56'),
(48, 23, '2/b9e504f7ebd247ba87596cc3ff1135d6.jpg', '', '2015-10-22 12:49:03'),
(49, 23, '2/53a406adb605881d076e20acb4f9edff.jpg', '', '2015-10-22 12:50:22'),
(50, 23, '2/1c4882beec3afe4a1354e8aa033e5e6a.jpg', '', '2015-10-22 12:50:24'),
(51, 23, '2/f5ea01b3711d7ad2185bbead969deddf.jpg', '', '2015-10-22 12:50:27'),
(52, 23, '2/b57379c28ce962ccd68c8ef481545ba5.jpg', '', '2015-10-22 12:50:29'),
(53, 23, '2/e22a5a1911131aabe567d6837d151545.jpg', '', '2015-10-22 12:50:32'),
(54, 23, '2/f9566ac0b5f97531d7b8261faf985a9c.jpg', '', '2015-10-22 12:50:34'),
(55, 23, '2/9d09efab6974f6a384d4841988633e4c.jpg', '', '2015-10-22 12:50:36'),
(56, 23, '2/f426db86c813158d5074aadea7c44bc1.jpg', '', '2015-10-22 12:50:39'),
(72, 11, '1/desktop/06682dc88a6ff4e3b256053d2a5fa6ca.jpg', '', '2015-10-27 10:22:16'),
(73, 11, '1/desktop/38d275b1f7183eba0cfd35c8682319cc.jpg', '', '2015-10-27 10:22:22'),
(89, 11, '1/desktop/fb6678b48492643dba5403f8e6b98d43.jpg', '', '2015-10-27 11:48:21'),
(90, 11, '1/desktop/dd304dca0633e522cddb4a9e171b8837.jpg', '', '2015-10-27 11:48:22'),
(99, 11, '1/desktop/2b476cb4f9af447bbb75eaeec1d25e8c.png', '', '2015-10-27 11:55:24'),
(101, 11, '1/desktop/bf745653bbff792fad60e911616371ce.png', '', '2015-10-27 11:56:55'),
(102, 11, '1/desktop/dc4d95fd5b412bf4e5f56197498d2e4a.jpg', '', '2015-10-27 11:58:20'),
(104, 11, '1/desktop/dc4d95fd5b412bf4e5f56197498d2e4a.jpg', '', '2015-10-27 11:58:20'),
(105, 11, '1/desktop/2d663f469d64842a85541954a4e65018.jpg', '', '2015-10-28 06:43:59'),
(106, 11, '1/desktop/f21e6bf10f7d77a2a0ea51595f52e615.jpg', '', '2015-10-28 06:43:59'),
(107, 11, '1/desktop/e4f6e1930f52cb4446c054d572910ae9.jpg', '', '2015-10-28 06:43:59'),
(109, 11, '1/desktop/cc4a75fe848b4fbb11a5bf6663d5bde8.jpg', '', '2015-10-29 10:45:48'),
(112, 11, '1/desktop/f2ede117ee14ac27385486345e85243d.jpg', '', '2015-10-29 11:50:29'),
(114, 11, '1/desktop/bd0a30e3642ecc444a423f82016c7609.jpg', '', '2015-10-29 11:50:29'),
(115, 11, '1/desktop/018aa911a14d977fe40e91cf1514cce3.jpg', '', '2015-10-29 11:50:44'),
(116, 25, '2/desktop/', '', '2015-10-30 09:29:41'),
(117, 11, '1/desktop/acda0e55dee4839b758a91d634234465.jpg', '', '2015-10-30 09:36:38'),
(118, 11, '1/desktop/f58b3dcbe6740bef731557c7b7f609ff.jpg', '', '2015-10-30 09:36:38'),
(119, 11, '1/desktop/1f424fbb501d39fb3cec50d6480fb711.jpg', '', '2015-10-30 09:36:39'),
(120, 12, '1/facebook/68c7a7ade84708c107f49292d9d30ac4.jpg', '', '2015-10-30 09:58:15'),
(121, 12, '1/facebook/8247088ea4f2f0fba693a4da95cceb0a.jpg', '', '2015-10-30 09:58:17'),
(122, 12, '1/facebook/46f139a7499098610589eea0e72f926b.jpg', '', '2015-10-30 09:58:18'),
(123, 14, '1/instagram/87d5562da39c35c59a97cbef941846e6.jpg', '', '2015-10-30 09:58:42'),
(124, 14, '1/instagram/a4e56793fdb863632e804654d6e3bc8d.jpg', '', '2015-10-30 09:58:45'),
(125, 11, '1/desktop/5356f8809d0b9da1477ab010cd8210a6.jpg', '', '2015-10-30 11:07:59'),
(126, 11, '1/desktop/c564d55254438f6b020b35ac7c6cc95b.jpg', '', '2015-10-30 11:08:01'),
(127, 11, '1/desktop/b864232a1c45741dd7413796cbd2eae1.jpg', '', '2015-10-30 11:08:05'),
(128, 12, '1/facebook/cb6d5001bef024424b9e0cc6d198aa29.jpg', '', '2015-10-30 11:10:42'),
(129, 12, '1/facebook/13c56954af2d214aebe16513092cbaf0.jpg', '', '2015-10-30 11:10:43'),
(130, 14, '1/instagram/489659dcda5ba859b3097b8361719245.jpg', '', '2015-10-30 13:06:13'),
(131, 10, '1/77699e2de53b67a98f7256887a7ee903.jpg', '', '2015-11-03 06:04:12');

/*!40101 SET CHARACTER_SET_CLIENT=@OLD_CHARACTER_SET_CLIENT */;
/*!40101 SET CHARACTER_SET_RESULTS=@OLD_CHARACTER_SET_RESULTS */;
/*!40101 SET COLLATION_CONNECTION=@OLD_COLLATION_CONNECTION */;
